<?xml version="1.0" encoding="UTF-8"?>
<jcr:root xmlns:sling="http://sling.apache.org/jcr/sling/1.0" xmlns:cq="http://www.day.com/jcr/cq/1.0" xmlns:jcr="http://www.jcp.org/jcr/1.0" xmlns:nt="http://www.jcp.org/jcr/nt/1.0"
    jcr:primaryType="nt:unstructured"
    jcr:title="YouTube Component"
    sling:resourceType="cq/gui/components/authoring/dialog">
    <content
        jcr:primaryType="nt:unstructured"
        sling:resourceType="granite/ui/components/coral/foundation/tabs">
        <items jcr:primaryType="nt:unstructured">
            <tabs
                jcr:primaryType="nt:unstructured"
                jcr:title="YouTube Details"
                sling:resourceType="granite/ui/components/coral/foundation/container">
                <layout
                    jcr:primaryType="nt:unstructured"
                    sling:resourceType="granite/ui/components/coral/foundation/fixedcolumns"/>
                <items jcr:primaryType="nt:unstructured">
                    <column
                        jcr:primaryType="nt:unstructured"
                        sling:resourceType="granite/ui/components/coral/foundation/container">
                        <items jcr:primaryType="nt:unstructured">
                            <videoid
                                jcr:primaryType="nt:unstructured"
                                sling:resourceType="granite/ui/components/coral/foundation/form/textfield"
                                fieldLabel="Video Id"
                                name="./videoid"
                                required="{Boolean}true"/>
                            <height
                                jcr:primaryType="nt:unstructured"
                                sling:resourceType="granite/ui/components/coral/foundation/form/textfield"
                                fieldLabel="Height"
                                name="./height"
                                required="{Boolean}true"/>
                            <width
                                jcr:primaryType="nt:unstructured"
                                sling:resourceType="granite/ui/components/coral/foundation/form/textfield"
                                fieldLabel="Width"
                                name="./width"
                                required="{Boolean}true"/>
                            <padding-label
                                jcr:primaryType="nt:unstructured"
                                sling:resourceType="granite/ui/components/coral/foundation/text"
                                text="Padding"/>
                            <padding
                                jcr:primaryType="nt:unstructured"
                                sling:resourceType="granite/ui/components/coral/foundation/form/select"
                                fieldLabel="Value"
                                name="./padding">
                                <datasource
                                    jcr:primaryType="nt:unstructured"
                                    sling:resourceType="acs-commons/components/utilities/genericlist/datasource"
                                    path="/etc/acs-commons/lists/custom/padding"/>
                            </padding>
                        </items>
                    </column>
                </items>
            </tabs>
            <help
                jcr:primaryType="nt:unstructured"
                jcr:title="Help"
                sling:resourceType="granite/ui/components/coral/foundation/container">
                <layout
                    jcr:primaryType="nt:unstructured"
                    sling:resourceType="granite/ui/components/coral/foundation/fixedcolumns"/>
                <items jcr:primaryType="nt:unstructured">
                    <column
                        jcr:primaryType="nt:unstructured"
                        sling:resourceType="granite/ui/components/coral/foundation/container">
                        <items jcr:primaryType="nt:unstructured">
                            <heading
                                jcr:primaryType="nt:unstructured"
                                sling:resourceType="granite/ui/components/coral/foundation/heading"
                                text="Youtube Help Section"/>
                            <text1
                                jcr:primaryType="nt:unstructured"
                                sling:resourceType="granite/ui/components/coral/foundation/text"
                                text="This component enables the author to add youtube id and add dimensions along with the padding.&#xa;"/>
                        </items>
                    </column>
                </items>
            </help>
        </items>
    </content>
</jcr:root>
