<?xml version="1.0" encoding="UTF-8"?>
<jcr:root xmlns:sling="http://sling.apache.org/jcr/sling/1.0" xmlns:cq="http://www.day.com/jcr/cq/1.0" xmlns:jcr="http://www.jcp.org/jcr/1.0" xmlns:rep="internal"
    jcr:mixinTypes="[rep:AccessControllable]"
    jcr:primaryType="sling:OrderedFolder"
    afs="dbf"
    asdf="sad"
    asdfs="sad"
    ber="sgbetr"
    CC="India"
    CIty="India"
    COuntry="India"
    dd="d"
    dsf="dsfdg"
    dvsfb_x0020_v="safdfbd"
    eabs="reab"
    ENglish="20"
    erber="ebtn"
    fbntr="trn"
    Hindi="77"
    Kaun_x0020_kaun="safdfbd"
    MAth="40"
    men="MENS"
    Nation="India"
    rts="rnt"
    safdsf="sdfdng"
    sdsbf="afdsbd"
    sg="sg"
    sgb="bsn"
    Space="mission"
    sports="sd"
    ty="rh"
    wge="eg"
    women="WOMEN">
    <rep:policy/>
    <dam/>
    <experience-fragments/>
    <cq:tags/>
    <projects/>
    <usergenerated/>
    <screens/>
    <catalogs/>
    <launches/>
    <campaigns/>
    <communities/>
    <sites/>
    <forms/>
    <community/>
    <community-components/>
    <we-retail/>
    <aemadvance/>
    <Training-Shared/>
</jcr:root>
