<?xml version="1.0" encoding="utf-8" standalone="no"?>
<!DOCTYPE properties SYSTEM "http://java.sun.com/dtd/properties.dtd">
<properties>
<comment>FileVault Package Properties</comment>
<entry key="createdBy">akash.r</entry>
<entry key="name">package_backup</entry>
<entry key="lastModified">2019-03-31T23:39:32.514+05:30</entry>
<entry key="lastModifiedBy">akash.r</entry>
<entry key="created">2019-03-31T23:39:32.539+05:30</entry>
<entry key="buildCount">8</entry>
<entry key="version">1.2.3</entry>
<entry key="packageType">mixed</entry>
<entry key="dependencies"/>
<entry key="packageFormatVersion">2</entry>
<entry key="description">Final code .</entry>
<entry key="lastWrapped">2019-03-31T23:39:32.514+05:30</entry>
<entry key="group">my_packages</entry>
<entry key="lastWrappedBy">akash.r</entry>
</properties>
