<?xml version="1.0" encoding="UTF-8"?>
<jcr:root xmlns:sling="http://sling.apache.org/jcr/sling/1.0" xmlns:cq="http://www.day.com/jcr/cq/1.0" xmlns:jcr="http://www.jcp.org/jcr/1.0" xmlns:nt="http://www.jcp.org/jcr/nt/1.0"
    jcr:primaryType="cq:Page">
    <jcr:content
        cq:contextHubPath="/etc/cloudsettings/default/contexthub"
        cq:contextHubSegmentsPath="/etc/segmentation/contexthub"
        cq:lastModified="{Date}2019-03-18T15:13:16.066+05:30"
        cq:lastModifiedBy="akash.r"
        cq:template="/conf/aemadvance/settings/wcm/templates/content-page"
        jcr:primaryType="cq:PageContent"
        jcr:title="English"
        sling:resourceType="aemadvance/components/structure/page"
        pageTitle="New Project"
        socialMedia="[facebook]">
        <root
            jcr:primaryType="nt:unstructured"
            sling:resourceType="wcm/foundation/components/responsivegrid">
            <responsivegrid
                jcr:lastModifiedBy="admin"
                jcr:primaryType="nt:unstructured"
                sling:resourceType="wcm/foundation/components/responsivegrid">
                <dynamicfields
                    jcr:created="{Date}2019-03-15T16:39:34.267+05:30"
                    jcr:createdBy="akash.r"
                    jcr:lastModified="{Date}2019-03-18T14:35:41.279+05:30"
                    jcr:lastModifiedBy="akash.r"
                    jcr:primaryType="nt:unstructured"
                    sling:resourceType="aemadvance/components/content/dynamicfields">
                    <dynamicfields jcr:primaryType="nt:unstructured">
                        <item0
                            jcr:primaryType="nt:unstructured"
                            addressLineOne="Nank"
                            addressLineTwo="dd"
                            city="sadasdj"
                            countries="india"
                            designation="asdasd"
                            faxNumber="asdas"
                            name="Monikaasdasds"
                            phoneNumber="966"
                            profileImage="kjf"
                            state="jk"/>
                    </dynamicfields>
                </dynamicfields>
                <multifieldcomponent
                    jcr:created="{Date}2019-03-18T15:11:24.957+05:30"
                    jcr:createdBy="akash.r"
                    jcr:lastModified="{Date}2019-03-18T15:11:24.957+05:30"
                    jcr:lastModifiedBy="akash.r"
                    jcr:primaryType="nt:unstructured"
                    sling:resourceType="aemadvance/components/content/multifieldcomponent"/>
                <multifieldcomponent_696104901
                    jcr:created="{Date}2019-03-18T15:13:16.060+05:30"
                    jcr:createdBy="akash.r"
                    jcr:lastModified="{Date}2019-03-18T15:13:16.060+05:30"
                    jcr:lastModifiedBy="akash.r"
                    jcr:primaryType="nt:unstructured"
                    sling:resourceType="aemadvance/components/content/multifieldcomponent"/>
            </responsivegrid>
        </root>
        <image/>
    </jcr:content>
    <advanced-aem-exercises/>
    <faqs/>
    <faq-index-page/>
    <press-releases/>
    <press-release-index/>
    <pr-contact/>
</jcr:root>
