<?xml version="1.0" encoding="UTF-8"?>
<jcr:root xmlns:sling="http://sling.apache.org/jcr/sling/1.0" xmlns:cq="http://www.day.com/jcr/cq/1.0" xmlns:jcr="http://www.jcp.org/jcr/1.0" xmlns:nt="http://www.jcp.org/jcr/nt/1.0" xmlns:rep="internal"
    jcr:mixinTypes="[rep:AccessControllable]"
    jcr:primaryType="cq:Page">
    <aemadvance jcr:primaryType="nt:unstructured">
        <components jcr:primaryType="nt:unstructured">
            <form jcr:primaryType="nt:unstructured">
                <container jcr:primaryType="nt:unstructured">
                    <form-container
                        jcr:primaryType="nt:unstructured"
                        jcr:title="aemadvance Form"
                        sling:resourceType="wcm/core/components/policy/policy"
                        components="[/apps/aemadvance/components/form/button,/apps/aemadvance/components/form/hidden,/apps/aemadvance/components/form/options,/apps/aemadvance/components/form/text]">
                        <jcr:content
                            cq:lastReplicated="{Date}2019-03-28T00:13:34.826+05:30"
                            cq:lastReplicatedBy="author"
                            cq:lastReplicationAction="Activate"
                            jcr:mixinTypes="[cq:ReplicationStatus]"
                            jcr:primaryType="nt:unstructured"/>
                    </form-container>
                </container>
            </form>
            <structure jcr:primaryType="nt:unstructured">
                <page jcr:primaryType="nt:unstructured"/>
            </structure>
        </components>
    </aemadvance>
    <wcm jcr:primaryType="nt:unstructured">
        <foundation jcr:primaryType="nt:unstructured">
            <components jcr:primaryType="nt:unstructured">
                <responsivegrid jcr:primaryType="nt:unstructured">
                    <content-default
                        jcr:description="Policy for editable layout containers"
                        jcr:lastModified="{Date}2019-03-30T00:38:55.364+05:30"
                        jcr:lastModifiedBy="admin"
                        jcr:primaryType="nt:unstructured"
                        jcr:title="aemadvance Default"
                        sling:resourceType="wcm/core/components/policy/policy"
                        components="[group:General,group:AEM Advance Components]"
                        policyResourceType="wcm/foundation/components/responsivegrid">
                        <cq:authoring jcr:primaryType="nt:unstructured">
                            <assetToComponentMapping jcr:primaryType="nt:unstructured"/>
                        </cq:authoring>
                        <jcr:content
                            cq:lastReplicated="{Date}2019-03-30T00:48:48.437+05:30"
                            cq:lastReplicatedBy="admin"
                            cq:lastReplicationAction="Activate"
                            jcr:mixinTypes="[cq:ReplicationStatus]"
                            jcr:primaryType="nt:unstructured"
                            mergeList="{Boolean}true"/>
                    </content-default>
                    <policy_64262058284389
                        jcr:lastModified="{Date}2019-03-29T16:09:52.993+05:30"
                        jcr:lastModifiedBy="admin"
                        jcr:primaryType="nt:unstructured"
                        jcr:title="aem-advance"
                        sling:resourceType="wcm/core/components/policy/policy"
                        components="group:AEM Advance Components">
                        <jcr:content jcr:primaryType="nt:unstructured"/>
                    </policy_64262058284389>
                </responsivegrid>
            </components>
        </foundation>
    </wcm>
</jcr:root>
